{
  "schema": "http://example.org/specification/v2.0.0",
  "metadata": {
  },
  "global": {
    "application.def": ".slider/package/KC/slider-kafka-connect-package-1.0.0.zip",
    "java_home": "/Library/Java/JavaVirtualMachines/jdk1.7.0_79.jdk/Contents/Home/",
    "__system_configs": "broker",

    "site.global.app_user": "${USER_NAME}",
    "__site.global.app_root": "${AGENT_WORK_ROOT}/app/install/1.0.0",
    "site.global.app_install_dir": "${AGENT_WORK_ROOT}/app/install",
    "site.global.pid_file": "${AGENT_WORK_ROOT}/app/run/kc.pid",
    "site.global.listen_port":"${ConnectD.ALLOCATED_PORT}{PER_CONTAINER}",

    "site.global.kc_version": "1.0.0",
    "site.connectd.xmx_val": "512m",
    "site.connectd.xms_val": "128m",
    "site.connectd.instance.name": "${USER}/${CLUSTER_NAME}",
    "site.connectd.zookeeper": "${ZK_HOST}",

    "__site.server.port": "${KAFKA_BROKER.ALLOCATED_PORT}{PER_CONTAINER}"
  },
  "components": {
    "connectd": {
    },
    "slider-appmaster": {
      "jvm.heapsize": "256M"
    }
  }
}
